"model-run","timestamp","t_2m","t_2m_unit","aswdir_s","aswdir_s_unit","aswdifd_s","aswdifd_s_unit","ws_10m","ws_10m_unit"
"00","2020-04-17 00:00:00",285.5366516113281,"K",0.0,"W/m²",0.0,"W/m²",1.504039612941747,"m/s"
"00","2020-04-17 00:15:00","","",0.0,"W/m²",0.0,"W/m²","",""
"00","2020-04-17 00:30:00","","",0.0,"W/m²",0.0,"W/m²","",""
"00","2020-04-17 00:45:00","","",0.0,"W/m²",0.0,"W/m²","",""
"00","2020-04-17 01:00:00",284.1595458984375,"K",0.0,"W/m²",0.0,"W/m²",1.01037763735469,"m/s"
"00","2020-04-17 01:15:00","","",0.0,"W/m²",0.0,"W/m²","",""
"00","2020-04-17 01:30:00","","",0.0,"W/m²",0.0,"W/m²","",""
"00","2020-04-17 01:45:00","","",0.0,"W/m²",0.0,"W/m²","",""
"00","2020-04-17 02:00:00",284.09320068359375,"K",0.0,"W/m²",0.0,"W/m²",1.6779247637945511,"m/s"
"00","2020-04-17 02:15:00","","",0.0,"W/m²",0.0,"W/m²","",""
"00","2020-04-17 02:30:00","","",0.0,"W/m²",0.0,"W/m²","",""
"00","2020-04-17 02:45:00","","",0.0,"W/m²",0.0,"W/m²","",""
"00","2020-04-17 03:00:00",283.4482727050781,"K",0.0,"W/m²",0.0,"W/m²",1.344796681986979,"m/s"
"00","2020-04-17 03:15:00","","",0.0,"W/m²",0.0,"W/m²","",""
"00","2020-04-17 03:30:00","","",0.0,"W/m²",0.0,"W/m²","",""
"00","2020-04-17 03:45:00","","",0.0,"W/m²",0.0,"W/m²","",""
"00","2020-04-17 04:00:00",282.1534729003906,"K",0.0,"W/m²",0.0,"W/m²",1.4467819784997,"m/s"
"00","2020-04-17 04:15:00","","",0.0,"W/m²",0.0,"W/m²","",""
"00","2020-04-17 04:30:00","","",0.0,"W/m²",0.0,"W/m²","",""
"00","2020-04-17 04:45:00","","",0.004638671875,"W/m²",1.127197265625,"W/m²","",""
"00","2020-04-17 05:00:00",281.7662353515625,"K",0.464111328125,"W/m²",13.511474609375,"W/m²",1.777571344765277,"m/s"
"00","2020-04-17 05:15:00","","",5.001708984375,"W/m²",28.49951171875,"W/m²","",""
"00","2020-04-17 05:30:00","","",15.584228515625,"W/m²",43.06521996855736,"W/m²","",""
"00","2020-04-17 05:45:00","","",33.26708984375,"W/m²",55.4480340257287,"W/m²","",""
"00","2020-04-17 06:00:00",282.3179016113281,"K",53.97119140625,"W/m²",68.0538577362895,"W/m²",1.8794666832931481,"m/s"
"00","2020-04-17 06:15:00","","",79.01171875,"W/m²",79.17133802175522,"W/m²","",""
"00","2020-04-17 06:30:00","","",93.64257812500365,"W/m²",97.56337291002274,"W/m²","",""
"00","2020-04-17 06:45:00","","",130.4335937531366,"W/m²",102.5294582247734,"W/m²","",""
"00","2020-04-17 07:00:00",284.02349853515625,"K",164.0683595103433,"W/m²",109.35967546701431,"W/m²",2.398772932319369,"m/s"
"00","2020-04-17 07:15:00","","",203.75586008913504,"W/m²",112.34294259548187,"W/m²","",""
"00","2020-04-17 07:30:00","","",245.18945706100914,"W/m²",113.61595547199249,"W/m²","",""
"00","2020-04-17 07:45:00","","",284.26563488366406,"W/m²",115.78926205635071,"W/m²","",""
"00","2020-04-17 08:00:00",286.1440734863281,"K",317.2148521843343,"W/m²",121.11242771148682,"W/m²",3.076836258005988,"m/s"
"00","2020-04-17 08:15:00","","",354.38282247224873,"W/m²",122.67484736442566,"W/m²","",""
"00","2020-04-17 08:30:00","","",387.32423686580137,"W/m²",125.80154633522034,"W/m²","",""
"00","2020-04-17 08:45:00","","",418.33598503390016,"W/m²",129.29037761688232,"W/m²","",""
"00","2020-04-17 09:00:00",288.4081115722656,"K",447.61333934529324,"W/m²",131.75685024261475,"W/m²",3.854175509940383,"m/s"
"00","2020-04-17 09:15:00","","",473.11726890903947,"W/m²",135.31544160842896,"W/m²","",""
"00","2020-04-17 09:30:00","","",491.90672776073785,"W/m²",141.64296770095825,"W/m²","",""
"00","2020-04-17 09:45:00","","",511.7622252950641,"W/m²",145.1627402305603,"W/m²","",""
"00","2020-04-17 10:00:00",290.50640869140625,"K",519.9966262073359,"W/m²",155.37047624588013,"W/m²",3.2007877171580112,"m/s"
"00","2020-04-17 10:15:00","","",529.7075750051873,"W/m²",161.9439458847046,"W/m²","",""
"00","2020-04-17 10:30:00","","",543.426354426484,"W/m²",163.72450256347656,"W/m²","",""
"00","2020-04-17 10:45:00","","",509.03181795142797,"W/m²",195.83279705047607,"W/m²","",""
"00","2020-04-17 11:00:00",291.8066711425781,"K",418.4771183654231,"W/m²",257.6465606689453,"W/m²",3.182161961439003,"m/s"
"00","2020-04-17 11:15:00","","",291.95756967696053,"W/m²",325.9110426902771,"W/m²","",""
"00","2020-04-17 11:30:00","","",552.6059455896759,"W/m²",181.30410814285278,"W/m²","",""
"00","2020-04-17 11:45:00","","",564.0394741595298,"W/m²",173.80173873901367,"W/m²","",""
"00","2020-04-17 12:00:00",293.130615234375,"K",558.0706690669836,"W/m²",175.47380447387695,"W/m²",3.292637830353072,"m/s"
"00","2020-04-17 12:15:00","","",567.9221848486933,"W/m²",164.2033815383911,"W/m²","",""
"00","2020-04-17 12:30:00","","",578.5940224055656,"W/m²",149.73647022247314,"W/m²","",""
"00","2020-04-17 12:45:00","","",570.656486018298,"W/m²",146.31232070922852,"W/m²","",""
"00","2020-04-17 13:00:00",294.0939025878906,"K",528.8595776765442,"W/m²",163.76495552062988,"W/m²",2.528019859713091,"m/s"
"00","2020-04-17 13:15:00","","",532.6876740099552,"W/m²",147.7037467956543,"W/m²","",""
"00","2020-04-17 13:30:00","","",497.65646352276826,"W/m²",155.8590202331543,"W/m²","",""
"00","2020-04-17 13:45:00","","",478.07058452039337,"W/m²",152.5255184173584,"W/m²","",""
"00","2020-04-17 14:00:00",294.4796142578125,"K",439.80503457236,"W/m²",158.57295417785645,"W/m²",2.498603473894907,"m/s"
"00","2020-04-17 14:15:00","","",411.03169543798185,"W/m²",156.9764461517334,"W/m²","",""
"00","2020-04-17 14:30:00","","",369.0313189275749,"W/m²",161.99789810180664,"W/m²","",""
"00","2020-04-17 14:45:00","","",273.84378336303143,"W/m²",195.0535249710083,"W/m²","",""
"00","2020-04-17 15:00:00",294.1990661621094,"K",119.68765213739127,"W/m²",250.05797290802002,"W/m²",2.465593820422025,"m/s"
"00","2020-04-17 15:15:00","","",31.64088168111733,"W/m²",241.51322841644287,"W/m²","",""
"00","2020-04-17 15:30:00","","",15.515889007685086,"W/m²",207.3733320236206,"W/m²","",""
"00","2020-04-17 15:45:00","","",13.712764560013182,"W/m²",196.41140365600586,"W/m²","",""
"00","2020-04-17 16:00:00",293.0673522949219,"K",1.6640626105065972,"W/m²",147.3132839202881,"W/m²",2.38674171638212,"m/s"
"00","2020-04-17 16:15:00","","",0.04687945530232401,"W/m²",94.80479049682617,"W/m²","",""
"00","2020-04-17 16:30:00","","",0.23456198643479,"W/m²",68.3850154876709,"W/m²","",""
"00","2020-04-17 16:45:00","","",0.226711271461099,"W/m²",52.72117042541504,"W/m²","",""
"00","2020-04-17 17:00:00",291.3795471191406,"K",-0.007700437984118001,"W/m²",46.01602554321289,"W/m²",2.249560473680326,"m/s"
"00","2020-04-17 17:15:00","","",0.039140799985163004,"W/m²",35.593504905700684,"W/m²","",""
"00","2020-04-17 17:30:00","","",-0.179636676040374,"W/m²",17.178425788879395,"W/m²","",""
"00","2020-04-17 17:45:00","","",0.41409030722661105,"W/m²",22.059274673461914,"W/m²","",""
"00","2020-04-17 18:00:00",290.4291687011719,"K",-0.398426264524459,"W/m²",21.75517463684082,"W/m²",1.822282517083366,"m/s"
"00","2020-04-17 18:15:00","","",0.14062730241773802,"W/m²",9.691753387451172,"W/m²","",""
"00","2020-04-17 18:30:00","","",0.35937507737220903,"W/m²",1.118246078491211,"W/m²","",""
"00","2020-04-17 18:45:00","","",-0.35937495375259004,"W/m²",0.06174468994140601,"W/m²","",""
"00","2020-04-17 19:00:00",289.3501281738281,"K",0.296875043306499,"W/m²",-0.08696937561035101,"W/m²",2.121125216486344,"m/s"
"00","2020-04-17 19:15:00","","",-0.015624955646279002,"W/m²",0.147429466247558,"W/m²","",""
"00","2020-04-17 19:30:00","","",0.16406254225927902,"W/m²",-0.133822441101074,"W/m²","",""
"00","2020-04-17 19:45:00","","",-0.07421870739302701,"W/m²",0.272314071655273,"W/m²","",""
"00","2020-04-17 20:00:00",288.21759033203125,"K",0.17578128905759902,"W/m²",-0.165315628051757,"W/m²",1.71776617558,"m/s"
"00","2020-04-17 20:15:00","","",-0.019531209342595002,"W/m²",0.088578224182128,"W/m²","",""
"00","2020-04-17 20:30:00","","",0.269531287194954,"W/m²",0.10408878326416,"W/m²","",""
"00","2020-04-17 20:45:00","","",-0.23828121244079503,"W/m²",-0.134218215942382,"W/m²","",""
"00","2020-04-17 21:00:00",287.0990295410156,"K",0.050781286917626005,"W/m²",0.014190673828125002,"W/m²",2.3057291187948152,"m/s"
"00","2020-04-17 21:15:00","","",0.171875035462694,"W/m²",0.23283672332763602,"W/m²","",""
"00","2020-04-17 21:30:00","","",0.10937503499703201,"W/m²",-0.149962425231933,"W/m²","",""
"00","2020-04-17 21:45:00","","",-0.15234371603570002,"W/m²",0.193646430969238,"W/m²","",""
"00","2020-04-17 22:00:00",286.4638671875,"K",0.058593783585561006,"W/m²",-0.079850196838378,"W/m²",1.5177266063194401,"m/s"
"00","2020-04-17 22:15:00","","",0.06250003285913,"W/m²",0.041281700134277004,"W/m²","",""
"00","2020-04-17 22:30:00","","",0.19531253099648402,"W/m²",-0.130681037902832,"W/m²","",""
"00","2020-04-17 22:45:00","","",0.10156253140212701,"W/m²",0.09970283508300701,"W/m²","",""
"00","2020-04-17 23:00:00",286.4602966308594,"K",-0.234374970110754,"W/m²",0.029373168945312004,"W/m²",1.786324808983324,"m/s"
"00","2020-04-17 23:15:00","","",0.261718780383881,"W/m²",0.005892753601074,"W/m²","",""
"00","2020-04-17 23:30:00","","",0.152343779046916,"W/m²",0.029267311096191004,"W/m²","",""
"00","2020-04-17 23:45:00","","",-0.22265622174781202,"W/m²",0.09960746765136701,"W/m²","",""
"03","2020-04-17 03:00:00",283.0481262207031,"K",0.0,"W/m²",0.0,"W/m²",1.68403596812917,"m/s"
"03","2020-04-17 03:15:00","","",0.0,"W/m²",0.0,"W/m²","",""
"03","2020-04-17 03:30:00","","",0.0,"W/m²",0.0,"W/m²","",""
"03","2020-04-17 03:45:00","","",0.0,"W/m²",0.0,"W/m²","",""
"03","2020-04-17 04:00:00",282.7772521972656,"K",0.0,"W/m²",0.0,"W/m²",2.097952411254283,"m/s"
"03","2020-04-17 04:15:00","","",0.0,"W/m²",0.0,"W/m²","",""
"03","2020-04-17 04:30:00","","",0.0,"W/m²",0.0,"W/m²","",""
"03","2020-04-17 04:45:00","","",0.005126953125,"W/m²",1.10400390625,"W/m²","",""
"03","2020-04-17 05:00:00",281.92156982421875,"K",0.584716796875,"W/m²",12.91943359375,"W/m²",2.5271018003687553,"m/s"
"03","2020-04-17 05:15:00","","",5.62841796875,"W/m²",27.5048828125,"W/m²","",""
"03","2020-04-17 05:30:00","","",18.28369140625,"W/m²",40.32185360789299,"W/m²","",""
"03","2020-04-17 05:45:00","","",35.0634765625,"W/m²",53.74060009419918,"W/m²","",""
"03","2020-04-17 06:00:00",282.5936279296875,"K",56.5087890625,"W/m²",65.94836466014385,"W/m²",1.7624589089513152,"m/s"
"03","2020-04-17 06:15:00","","",80.75390625000071,"W/m²",77.59244620800018,"W/m²","",""
"03","2020-04-17 06:30:00","","",108.38281250111041,"W/m²",87.65349638462067,"W/m²","",""
"03","2020-04-17 06:45:00","","",111.47851562685378,"W/m²",113.12711572647095,"W/m²","",""
"03","2020-04-17 07:00:00",284.2149963378906,"K",99.52929694440255,"W/m²",145.20752346515656,"W/m²",2.28098838701835,"m/s"
"03","2020-04-17 07:15:00","","",155.04883570061511,"W/m²",140.8788821697235,"W/m²","",""
"03","2020-04-17 07:30:00","","",200.25589491600948,"W/m²",140.33324313163757,"W/m²","",""
"03","2020-04-17 07:45:00","","",281.3164347503301,"W/m²",116.8910801410675,"W/m²","",""
"03","2020-04-17 08:00:00",286.146728515625,"K",315.9102541616674,"W/m²",121.32585740089417,"W/m²",3.479852024768497,"m/s"
"03","2020-04-17 08:15:00","","",347.0118904369428,"W/m²",127.23291492462158,"W/m²","",""
"03","2020-04-17 08:30:00","","",388.27757236268917,"W/m²",125.05253219604492,"W/m²","",""
"03","2020-04-17 08:45:00","","",419.21895589249107,"W/m²",128.1123080253601,"W/m²","",""
"03","2020-04-17 09:00:00",288.3065490722656,"K",449.30542970447647,"W/m²",130.43129205703735,"W/m²",4.147096960273945,"m/s"
"03","2020-04-17 09:15:00","","",476.7547468812189,"W/m²",132.97920083999634,"W/m²","",""
"03","2020-04-17 09:30:00","","",501.0982554030708,"W/m²",135.76047468185425,"W/m²","",""
"03","2020-04-17 09:45:00","","",521.6567646319745,"W/m²",139.1626033782959,"W/m²","",""
"03","2020-04-17 10:00:00",290.4060974121094,"K",497.4612639665862,"W/m²",170.42606163024902,"W/m²",3.542208967746568,"m/s"
"03","2020-04-17 10:15:00","","",492.8046945060779,"W/m²",186.58962106704712,"W/m²","",""
"03","2020-04-17 10:30:00","","",565.6328276498533,"W/m²",149.23217725753784,"W/m²","",""
"03","2020-04-17 10:45:00","","",578.2031567669763,"W/m²",149.9041452407837,"W/m²","",""
"03","2020-04-17 11:00:00",291.8679504394531,"K",587.828194633505,"W/m²",150.22105312347412,"W/m²",3.4277386664474943,"m/s"
"03","2020-04-17 11:15:00","","",586.0392350793112,"W/m²",156.33595275878906,"W/m²","",""
"03","2020-04-17 11:30:00","","",591.80562259999,"W/m²",154.73614501953125,"W/m²","",""
"03","2020-04-17 11:45:00","","",593.4327117692452,"W/m²",153.66577053070068,"W/m²","",""
"03","2020-04-17 12:00:00",293.20965576171875,"K",590.0396114990881,"W/m²",154.1113977432251,"W/m²",3.125003461485732,"m/s"
"03","2020-04-17 12:15:00","","",582.4145262046944,"W/m²",154.42998790740967,"W/m²","",""
"03","2020-04-17 12:30:00","","",539.1333036979184,"W/m²",177.15951442718506,"W/m²","",""
"03","2020-04-17 12:45:00","","",504.1957577164285,"W/m²",192.04269695281982,"W/m²","",""
"03","2020-04-17 13:00:00",294.0626525878906,"K",541.4455397449207,"W/m²",156.00703716278076,"W/m²",3.7650235055840753,"m/s"
"03","2020-04-17 13:15:00","","",452.1957201226035,"W/m²",202.33611679077148,"W/m²","",""
"03","2020-04-17 13:30:00","","",480.8362456823223,"W/m²",168.14529037475586,"W/m²","",""
"03","2020-04-17 13:45:00","","",477.3833230184391,"W/m²",152.81144523620605,"W/m²","",""
"03","2020-04-17 14:00:00",294.3438720703125,"K",447.992566747533,"W/m²",153.78315925598145,"W/m²",3.454479216682194,"m/s"
"03","2020-04-17 14:15:00","","",412.8828757433221,"W/m²",154.62424182891846,"W/m²","",""
"03","2020-04-17 14:30:00","","",336.91450184583664,"W/m²",178.46360683441162,"W/m²","",""
"03","2020-04-17 14:45:00","","",264.87517760825034,"W/m²",198.6178035736084,"W/m²","",""
"03","2020-04-17 15:00:00",294.1468505859375,"K",138.6722197509081,"W/m²",244.92972373962402,"W/m²",3.328807996332424,"m/s"
"03","2020-04-17 15:15:00","","",91.22679649648568,"W/m²",240.22003650665283,"W/m²","",""
"03","2020-04-17 15:30:00","","",69.05488533037611,"W/m²",224.8110227584839,"W/m²","",""
"03","2020-04-17 15:45:00","","",46.08612258950662,"W/m²",206.69684314727783,"W/m²","",""
"03","2020-04-17 16:00:00",293.30853271484375,"K",78.78926730455623,"W/m²",169.83853816986084,"W/m²",1.966731315138845,"m/s"
"03","2020-04-17 16:15:00","","",75.85954700486114,"W/m²",151.740704536438,"W/m²","",""
"03","2020-04-17 16:30:00","","",64.37513703171784,"W/m²",134.40700435638428,"W/m²","",""
"03","2020-04-17 16:45:00","","",68.60174182095254,"W/m²",108.63931274414062,"W/m²","",""
"03","2020-04-17 17:00:00",292.0076904296875,"K",29.757903401479126,"W/m²",101.56099700927734,"W/m²",2.3952921221209182,"m/s"
"03","2020-04-17 17:15:00","","",23.53912505702426,"W/m²",82.18670272827148,"W/m²","",""
"03","2020-04-17 17:30:00","","",14.28910099496651,"W/m²",65.3372917175293,"W/m²","",""
"03","2020-04-17 17:45:00","","",3.171877864210142,"W/m²",48.35895538330078,"W/m²","",""
"03","2020-04-17 18:00:00",290.55438232421875,"K",0.8437569892985951,"W/m²",30.660911560058594,"W/m²",2.088583564232273,"m/s"
"03","2020-04-17 18:15:00","","",0.273438548903084,"W/m²",14.233739852905273,"W/m²","",""
"03","2020-04-17 18:30:00","","",0.101562584166725,"W/m²",1.372861862182617,"W/m²","",""
"03","2020-04-17 18:45:00","","",-0.16406241813053601,"W/m²",0.133913993835449,"W/m²","",""
"03","2020-04-17 19:00:00",289.2790832519531,"K",0.44531257901754606,"W/m²",0.14933872222900302,"W/m²",2.138107955299567,"m/s"
"03","2020-04-17 19:15:00","","",-0.070312424331075,"W/m²",0.06322383880615201,"W/m²","",""
"03","2020-04-17 19:30:00","","",0.257812575555096,"W/m²",-0.13990116119384702,"W/m²","",""
"03","2020-04-17 19:45:00","","",-0.10937492838957201,"W/m²",0.047337532043457003,"W/m²","",""
"03","2020-04-17 20:00:00",287.94818115234375,"K",0.35937506960084004,"W/m²",0.109711647033691,"W/m²",2.110324579003683,"m/s"
"03","2020-04-17 20:15:00","","",0.07812506907723,"W/m²",0.031580924987792004,"W/m²","",""
"03","2020-04-17 20:30:00","","",0.07812506573274701,"W/m²",0.07041835784912101,"W/m²","",""
"03","2020-04-17 20:45:00","","",-0.195312435608357,"W/m²",-0.05080223083496,"W/m²","",""
"03","2020-04-17 21:00:00",286.9113464355469,"K",-0.210937438081536,"W/m²",-0.0665283203125,"W/m²",2.199462788110251,"m/s"
"03","2020-04-17 21:15:00","","",0.6015625602151781,"W/m²",0.023224830627441,"W/m²","",""
"03","2020-04-17 21:30:00","","",-0.039062439871744,"W/m²",0.21849918365478502,"W/m²","",""
"03","2020-04-17 21:45:00","","",0.117187557990352,"W/m²",-0.066758155822753,"W/m²","",""
"03","2020-04-17 22:00:00",286.2275085449219,"K",-0.085937444863633,"W/m²",0.026755332946777004,"W/m²",1.959501273989606,"m/s"
"03","2020-04-17 22:15:00","","",-0.078124945095429,"W/m²",0.21429443359375,"W/m²","",""
"03","2020-04-17 22:30:00","","",0.14062505248934,"W/m²",-0.11392593383789001,"W/m²","",""
"03","2020-04-17 22:45:00","","",-0.0468749473513,"W/m²",-0.063167572021484,"W/m²","",""
"03","2020-04-17 23:00:00",285.9549560546875,"K",0.26562504944701903,"W/m²",0.069419860839843,"W/m²",1.932601883047298,"m/s"
"03","2020-04-17 23:15:00","","",-0.171874948690334,"W/m²",-0.032130241394042004,"W/m²","",""
"03","2020-04-17 23:30:00","","",0.195312546276383,"W/m²",0.256823539733886,"W/m²","",""
"03","2020-04-17 23:45:00","","",0.101562547526425,"W/m²",-0.020545005798339,"W/m²","",""
"06","2020-04-17 06:00:00",282.9861145019531,"K",57.8125,"W/m²",78.6680026203394,"W/m²",1.419090442677764,"m/s"
"06","2020-04-17 06:15:00","","",83.01171875,"W/m²",76.16813158988953,"W/m²","",""
"06","2020-04-17 06:30:00","","",96.65234375000007,"W/m²",95.19366526603699,"W/m²","",""
"06","2020-04-17 06:45:00","","",111.6523437500011,"W/m²",113.2984709739685,"W/m²","",""
"06","2020-04-17 07:00:00",284.49530029296875,"K",83.62109375001216,"W/m²",152.94877529144287,"W/m²",1.88834445951048,"m/s"
"06","2020-04-17 07:15:00","","",92.13281257492328,"W/m²",172.61792182922363,"W/m²","",""
"06","2020-04-17 07:30:00","","",100.96094098208543,"W/m²",190.88695812225342,"W/m²","",""
"06","2020-04-17 07:45:00","","",187.64063185742344,"W/m²",172.88682746887207,"W/m²","",""
"06","2020-04-17 08:00:00",286.3848876953125,"K",299.3281689438955,"W/m²",132.19397449493408,"W/m²",3.354232087298738,"m/s"
"06","2020-04-17 08:15:00","","",322.8438364708928,"W/m²",143.012469291687,"W/m²","",""
"06","2020-04-17 08:30:00","","",373.71914306223704,"W/m²",134.74854183197021,"W/m²","",""
"06","2020-04-17 08:45:00","","",387.67997863465996,"W/m²",149.3732132911682,"W/m²","",""
"06","2020-04-17 09:00:00",288.5499267578125,"K",328.35202818812104,"W/m²",206.83709287643433,"W/m²",4.162771595014747,"m/s"
"06","2020-04-17 09:15:00","","",455.4769658217993,"W/m²",147.59135723114014,"W/m²","",""
"06","2020-04-17 09:30:00","","",488.00828046524845,"W/m²",144.58515071868896,"W/m²","",""
"06","2020-04-17 09:45:00","","",509.54738761117886,"W/m²",147.55400466918945,"W/m²","",""
"06","2020-04-17 10:00:00",290.75390625,"K",514.3755437077199,"W/m²",159.7376766204834,"W/m²",3.921623459766708,"m/s"
"06","2020-04-17 10:15:00","","",525.2818183440974,"W/m²",165.7379150390625,"W/m²","",""
"06","2020-04-17 10:30:00","","",513.6878702879335,"W/m²",184.88943481445312,"W/m²","",""
"06","2020-04-17 10:45:00","","",537.602378585143,"W/m²",178.10192394256592,"W/m²","",""
"06","2020-04-17 11:00:00",292.23504638671875,"K",575.4615277162804,"W/m²",159.54813861846924,"W/m²",3.523557284074709,"m/s"
"06","2020-04-17 11:15:00","","",576.7583731887862,"W/m²",163.42563724517822,"W/m²","",""
"06","2020-04-17 11:30:00","","",573.3364483464395,"W/m²",168.38816928863525,"W/m²","",""
"06","2020-04-17 11:45:00","","",586.7190395711517,"W/m²",159.4101266860962,"W/m²","",""
"06","2020-04-17 12:00:00",293.5286865234375,"K",573.4064285212952,"W/m²",165.7068452835083,"W/m²",2.912875440772797,"m/s"
"06","2020-04-17 12:15:00","","",404.70341489469837,"W/m²",267.2064037322998,"W/m²","",""
"06","2020-04-17 12:30:00","","",485.0161750703129,"W/m²",213.43192863464355,"W/m²","",""
"06","2020-04-17 12:45:00","","",516.0629938291676,"W/m²",184.67578887939453,"W/m²","",""
"06","2020-04-17 13:00:00",294.44464111328125,"K",513.7192107092403,"W/m²",175.31007766723633,"W/m²",3.056453591064633,"m/s"
"06","2020-04-17 13:15:00","","",486.0004386953368,"W/m²",180.1386547088623,"W/m²","",""
"06","2020-04-17 13:30:00","","",491.9380289310072,"W/m²",160.76513481140137,"W/m²","",""
"06","2020-04-17 13:45:00","","",475.5005888432202,"W/m²",154.11183738708496,"W/m²","",""
"06","2020-04-17 14:00:00",294.6622619628906,"K",425.8129033934387,"W/m²",167.64134788513184,"W/m²",3.702509477072141,"m/s"
"06","2020-04-17 14:15:00","","",307.54716080188547,"W/m²",220.4770050048828,"W/m²","",""
"06","2020-04-17 14:30:00","","",310.10990259761405,"W/m²",198.29652786254883,"W/m²","",""
"06","2020-04-17 14:45:00","","",298.06259474530816,"W/m²",182.93058013916016,"W/m²","",""
"06","2020-04-17 15:00:00",294.3480224609375,"K",225.21882601227819,"W/m²",202.93200302124023,"W/m²",3.8065915783139053,"m/s"
"06","2020-04-17 15:15:00","","",190.68755727089734,"W/m²",198.23595809936523,"W/m²","",""
"06","2020-04-17 15:30:00","","",171.015647927444,"W/m²",183.6532745361328,"W/m²","",""
"06","2020-04-17 15:45:00","","",88.76563804500633,"W/m²",196.3949909210205,"W/m²","",""
"06","2020-04-17 16:00:00",293.5232849121094,"K",48.53125767092531,"W/m²",182.76343727111816,"W/m²",2.168504635924882,"m/s"
"06","2020-04-17 16:15:00","","",15.984381212387234,"W/m²",161.12413597106934,"W/m²","",""
"06","2020-04-17 16:30:00","","",30.78143469226857,"W/m²",141.5758991241455,"W/m²","",""
"06","2020-04-17 16:45:00","","",39.09402355208165,"W/m²",118.89139175415039,"W/m²","",""
"06","2020-04-17 17:00:00",292.2357177734375,"K",27.391314368113463,"W/m²",101.32477188110352,"W/m²",2.256800161316496,"m/s"
"06","2020-04-17 17:15:00","","",10.929796011158162,"W/m²",86.34452247619629,"W/m²","",""
"06","2020-04-17 17:30:00","","",7.9609745705086326,"W/m²",66.53835105895996,"W/m²","",""
"06","2020-04-17 17:45:00","","",0.210938519158711,"W/m²",44.9294490814209,"W/m²","",""
"06","2020-04-17 18:00:00",290.65985107421875,"K",1.46094369707836,"W/m²",26.7912540435791,"W/m²",2.240996970038081,"m/s"
"06","2020-04-17 18:15:00","","",-0.20312487558151202,"W/m²",13.004556655883789,"W/m²","",""
"06","2020-04-17 18:30:00","","",0.375000120751145,"W/m²",1.322572708129882,"W/m²","",""
"06","2020-04-17 18:45:00","","",0.13281261568889002,"W/m²",0.19485092163085901,"W/m²","",""
"06","2020-04-17 19:00:00",289.5195617675781,"K",0.16406261062249503,"W/m²",0.046043395996093,"W/m²",1.736068178405258,"m/s"
"06","2020-04-17 19:15:00","","",0.023437607569826,"W/m²",-0.016604423522949,"W/m²","",""
"06","2020-04-17 19:30:00","","",0.070312602327515,"W/m²",0.201834678649902,"W/m²","",""
"06","2020-04-17 19:45:00","","",0.27343759930175204,"W/m²",0.05709266662597601,"W/m²","",""
"06","2020-04-17 20:00:00",288.1294860839844,"K",0.16406259487900401,"W/m²",-0.06036949157714801,"W/m²",2.538391571475702,"m/s"
"06","2020-04-17 20:15:00","","",-0.320312407275454,"W/m²",0.056683540344238004,"W/m²","",""
"06","2020-04-17 20:30:00","","",0.11718758903029801,"W/m²",-0.045113563537597004,"W/m²","",""
"06","2020-04-17 20:45:00","","",0.125000085098048,"W/m²",0.06401729583740201,"W/m²","",""
"06","2020-04-17 21:00:00",287.101806640625,"K",0.10937508413982001,"W/m²",0.149853706359863,"W/m²",2.139071939210015,"m/s"
"06","2020-04-17 21:15:00","","",0.039062580501453004,"W/m²",-0.041714668273925004,"W/m²","",""
"06","2020-04-17 21:30:00","","",0.367187577502595,"W/m²",0.18460369110107402,"W/m²","",""
"06","2020-04-17 21:45:00","","",0.10937507620909101,"W/m²",-0.13971328735351501,"W/m²","",""
"06","2020-04-17 22:00:00",286.7961730957031,"K",0.20312507219198603,"W/m²",0.18821525573730402,"W/m²",2.377287271939934,"m/s"
"06","2020-04-17 22:15:00","","",-0.36718743002042104,"W/m²",-0.06979751586914,"W/m²","",""
"06","2020-04-17 22:30:00","","",0.398437570300367,"W/m²",0.070827484130859,"W/m²","",""
"06","2020-04-17 22:45:00","","",-0.054687434341758004,"W/m²",0.10188865661621001,"W/m²","",""
"06","2020-04-17 23:00:00",286.3174743652344,"K",0.304687564203308,"W/m²",0.007947921752929,"W/m²",1.966612914704755,"m/s"
"06","2020-04-17 23:15:00","","",-0.109374936074018,"W/m²",0.043128013610839004,"W/m²","",""
"06","2020-04-17 23:30:00","","",0.28125006078432,"W/m²",-0.06643581390380801,"W/m²","",""
"06","2020-04-17 23:45:00","","",-0.15624994123975403,"W/m²",0.218606948852539,"W/m²","",""
"09","2020-04-17 09:00:00",288.9208068847656,"K",409.453125,"W/m²",167.30664598941803,"W/m²",3.747199607348376,"m/s"
"09","2020-04-17 09:15:00","","",445.5625000367191,"W/m²",153.59229969978333,"W/m²","",""
"09","2020-04-17 09:30:00","","",472.93750798500145,"W/m²",154.1483314037323,"W/m²","",""
"09","2020-04-17 09:45:00","","",487.6562596990676,"W/m²",161.48050212860107,"W/m²","",""
"09","2020-04-17 10:00:00",290.786865234375,"K",495.7812768676771,"W/m²",171.56378650665283,"W/m²",3.6445064163118612,"m/s"
"09","2020-04-17 10:15:00","","",522.9844823637434,"W/m²",166.64537620544434,"W/m²","",""
"09","2020-04-17 10:30:00","","",497.45438525511,"W/m²",194.50339698791504,"W/m²","",""
"09","2020-04-17 10:45:00","","",480.7198056260243,"W/m²",214.29951095581055,"W/m²","",""
"09","2020-04-17 11:00:00",292.30352783203125,"K",522.7814591763308,"W/m²",193.74389266967773,"W/m²",3.436562630933195,"m/s"
"09","2020-04-17 11:15:00","","",512.812945428159,"W/m²",205.48824501037598,"W/m²","",""
"09","2020-04-17 11:30:00","","",504.1255929455218,"W/m²",213.70328330993652,"W/m²","",""
"09","2020-04-17 11:45:00","","",526.5943539644064,"W/m²",199.1242847442627,"W/m²","",""
"09","2020-04-17 12:00:00",293.6044006347656,"K",468.3447799014683,"W/m²",233.4097728729248,"W/m²",2.974061104635081,"m/s"
"09","2020-04-17 12:15:00","","",386.75043399387556,"W/m²",277.20387840270996,"W/m²","",""
"09","2020-04-17 12:30:00","","",474.68782852461976,"W/m²",220.08486366271973,"W/m²","",""
"09","2020-04-17 12:45:00","","",491.2815457262047,"W/m²",200.76954650878906,"W/m²","",""
"09","2020-04-17 13:00:00",294.332763671875,"K",449.7815187855448,"W/m²",216.7065887451172,"W/m²",3.634238720033875,"m/s"
"09","2020-04-17 13:15:00","","",356.00024150314846,"W/m²",259.5086421966553,"W/m²","",""
"09","2020-04-17 13:30:00","","",336.1877471289773,"W/m²",255.82476615905762,"W/m²","",""
"09","2020-04-17 13:45:00","","",330.42213544170994,"W/m²",243.63748741149902,"W/m²","",""
"09","2020-04-17 14:00:00",294.2352600097656,"K",299.9533878839285,"W/m²",243.82904624938965,"W/m²",3.933041267510112,"m/s"
"09","2020-04-17 14:15:00","","",174.23465121275436,"W/m²",285.07251358032227,"W/m²","",""
"09","2020-04-17 14:30:00","","",143.5471477796096,"W/m²",278.81857681274414,"W/m²","",""
"09","2020-04-17 14:45:00","","",148.23465856883467,"W/m²",260.2261142730713,"W/m²","",""
"09","2020-04-17 15:00:00",293.5320739746094,"K",116.92215118146812,"W/m²",250.0009593963623,"W/m²",4.334647853103666,"m/s"
"09","2020-04-17 15:15:00","","",8.547141294142024,"W/m²",210.81592750549316,"W/m²","",""
"09","2020-04-17 15:30:00","","",42.48461928530079,"W/m²",220.91029930114746,"W/m²","",""
"09","2020-04-17 15:45:00","","",19.843970335436364,"W/m²",195.0033836364746,"W/m²","",""
"09","2020-04-17 16:00:00",292.35015869140625,"K",7.250196472509867,"W/m²",160.22019577026367,"W/m²",2.196955997094395,"m/s"
"09","2020-04-17 16:15:00","","",6.078292927063174,"W/m²",146.66220664978027,"W/m²","",""
"09","2020-04-17 16:30:00","","",39.73450986377481,"W/m²",136.61417198181152,"W/m²","",""
"09","2020-04-17 16:45:00","","",14.687601830665436,"W/m²",120.93266105651855,"W/m²","",""
"09","2020-04-17 17:00:00",291.2463073730469,"K",0.12507163276275,"W/m²",68.57975578308105,"W/m²",1.737014968291633,"m/s"
"09","2020-04-17 17:15:00","","",0.515669870219296,"W/m²",59.395097732543945,"W/m²","",""
"09","2020-04-17 17:30:00","","",4.062518644117647,"W/m²",59.38974952697754,"W/m²","",""
"09","2020-04-17 17:45:00","","",1.625005445501042,"W/m²",46.776254653930664,"W/m²","",""
"09","2020-04-17 18:00:00",289.881591796875,"K",1.2968760107768071,"W/m²",30.97056770324707,"W/m²",2.114061804510394,"m/s"
"09","2020-04-17 18:15:00","","",-0.007812322235355,"W/m²",14.270418167114258,"W/m²","",""
"09","2020-04-17 18:30:00","","",0.13281266193423,"W/m²",1.687257766723632,"W/m²","",""
"09","2020-04-17 18:45:00","","",0.22656265500725903,"W/m²",-0.07526206970214801,"W/m²","",""
"09","2020-04-17 19:00:00",288.6202697753906,"K",0.148437644994507,"W/m²",0.236566543579101,"W/m²",1.8930054316268632,"m/s"
"09","2020-04-17 19:15:00","","",0.09375013984532801,"W/m²",-0.09976768493652301,"W/m²","",""
"09","2020-04-17 19:30:00","","",-0.031249867141660004,"W/m²",0.10292625427246001,"W/m²","",""
"09","2020-04-17 19:45:00","","",0.35156262542224503,"W/m²",0.17276382446289001,"W/m²","",""
"09","2020-04-17 20:00:00",287.54656982421875,"K",0.17968762143618502,"W/m²",0.04738235473632801,"W/m²",2.171555114615754,"m/s"
"09","2020-04-17 20:15:00","","",0.031250115703377004,"W/m²",0.015790939331054,"W/m²","",""
"09","2020-04-17 20:30:00","","",0.20312510947386403,"W/m²",0.046644210815429,"W/m²","",""
"09","2020-04-17 20:45:00","","",-0.070312394514265,"W/m²",0.10883331298828101,"W/m²","",""
"09","2020-04-17 21:00:00",286.2208557128906,"K",0.24218760088913902,"W/m²",0.17099380493164001,"W/m²",1.885222296027481,"m/s"
"09","2020-04-17 21:15:00","","",-0.007812402925143001,"W/m²",0.010615348815917,"W/m²","",""
"09","2020-04-17 21:30:00","","",0.25781259370139903,"W/m²",-0.028735160827636,"W/m²","",""
"09","2020-04-17 21:45:00","","",-0.15624991072548702,"W/m²",0.23666763305664001,"W/m²","",""
"09","2020-04-17 22:00:00",286.18792724609375,"K",0.28125008578515703,"W/m²",-0.005825042724609,"W/m²",1.9664507096715722,"m/s"
"09","2020-04-17 22:15:00","","",-0.054687416822546006,"W/m²",0.009621620178222,"W/m²","",""
"09","2020-04-17 22:30:00","","",0.007812579483207,"W/m²",0.07192897796630801,"W/m²","",""
"09","2020-04-17 22:45:00","","",0.039062576571272004,"W/m²",-0.04940795898437501,"W/m²","",""
"09","2020-04-17 23:00:00",286.1341552734375,"K",0.007812573750399001,"W/m²",0.05197143554687501,"W/m²",2.110482114878102,"m/s"
"09","2020-04-17 23:15:00","","",0.32812507210506303,"W/m²",0.153390884399414,"W/m²","",""
"09","2020-04-17 23:30:00","","",0.09375006936904401,"W/m²",0.012588500976562,"W/m²","",""
"09","2020-04-17 23:45:00","","",-0.296874933832635,"W/m²",0.059212684631347004,"W/m²","",""
"12","2020-04-17 12:00:00",294.3597717285156,"K",523.4843750000556,"W/m²",197.11635065078735,"W/m²",2.09664023264212,"m/s"
"12","2020-04-17 12:15:00","","",522.1718751037353,"W/m²",195.3684720993042,"W/m²","",""
"12","2020-04-17 12:30:00","","",569.046875192699,"W/m²",157.33567905426025,"W/m²","",""
"12","2020-04-17 12:45:00","","",542.9843761499387,"W/m²",165.68827056884766,"W/m²","",""
"12","2020-04-17 13:00:00",294.62664794921875,"K",490.54687941968285,"W/m²",189.61104202270508,"W/m²",3.606907970069412,"m/s"
"12","2020-04-17 13:15:00","","",479.3906372821631,"W/m²",183.37200164794922,"W/m²","",""
"12","2020-04-17 13:30:00","","",407.6719004371209,"W/m²",213.45293807983398,"W/m²","",""
"12","2020-04-17 13:45:00","","",376.9531754680594,"W/m²",213.75667572021484,"W/m²","",""
"12","2020-04-17 14:00:00",294.6158752441406,"K",266.7344783209792,"W/m²",257.6449775695801,"W/m²",3.80260393971718,"m/s"
"12","2020-04-17 14:15:00","","",147.42207967316784,"W/m²",292.7874984741211,"W/m²","",""
"12","2020-04-17 14:30:00","","",115.20337722271526,"W/m²",285.36459732055664,"W/m²","",""
"12","2020-04-17 14:45:00","","",95.84401074670306,"W/m²",271.50821685791016,"W/m²","",""
"12","2020-04-17 15:00:00",293.92645263671875,"K",88.71901903329106,"W/m²",251.47353744506836,"W/m²",3.602467804827312,"m/s"
"12","2020-04-17 15:15:00","","",98.14088793321564,"W/m²",229.3747043609619,"W/m²","",""
"12","2020-04-17 15:30:00","","",40.5158753804283,"W/m²",212.32647514343262,"W/m²","",""
"12","2020-04-17 15:45:00","","",7.406474123883268,"W/m²",182.10810470581055,"W/m²","",""
"12","2020-04-17 16:00:00",292.895751953125,"K",39.000189999773475,"W/m²",175.23769760131836,"W/m²",2.709730534791976,"m/s"
"12","2020-04-17 16:15:00","","",39.67983899461985,"W/m²",163.59086418151855,"W/m²","",""
"12","2020-04-17 16:30:00","","",11.836050230238277,"W/m²",144.47843742370605,"W/m²","",""
"12","2020-04-17 16:45:00","","",6.093829512989355,"W/m²",122.00737190246582,"W/m²","",""
"12","2020-04-17 17:00:00",291.9185791015625,"K",0.5781813679345781,"W/m²",86.4114933013916,"W/m²",1.200753270438236,"m/s"
"12","2020-04-17 17:15:00","","",1.390665529019509,"W/m²",76.05674362182617,"W/m²","",""
"12","2020-04-17 17:30:00","","",1.281275338289431,"W/m²",55.87715148925781,"W/m²","",""
"12","2020-04-17 17:45:00","","",0.18751251972590802,"W/m²",37.963321685791016,"W/m²","",""
"12","2020-04-17 18:00:00",290.6524658203125,"K",0.265629829838871,"W/m²",25.994674682617188,"W/m²",1.5427552406733311,"m/s"
"12","2020-04-17 18:15:00","","",0.15625092786633302,"W/m²",12.1732177734375,"W/m²","",""
"12","2020-04-17 18:30:00","","",0.09375009414377701,"W/m²",1.263320922851562,"W/m²","",""
"12","2020-04-17 18:45:00","","",0.21875008215299901,"W/m²",0.28557968139648404,"W/m²","",""
"12","2020-04-17 19:00:00",289.65093994140625,"K",0.093750076171838,"W/m²",0.144058227539062,"W/m²",1.321850008072335,"m/s"
"12","2020-04-17 19:15:00","","",0.14843757107181202,"W/m²",0.018315315246582,"W/m²","",""
"12","2020-04-17 19:30:00","","",-0.007812433876097,"W/m²",0.10352993011474601,"W/m²","",""
"12","2020-04-17 19:45:00","","",0.16406256218026902,"W/m²",0.048242568969726,"W/m²","",""
"12","2020-04-17 20:00:00",288.44140625,"K",0.070312558018291,"W/m²",0.08666801452636701,"W/m²",2.10353100813615,"m/s"
"12","2020-04-17 20:15:00","","",0.07031255451134501,"W/m²",0.125259399414062,"W/m²","",""
"12","2020-04-17 20:30:00","","",0.070312551470059,"W/m²",0.07010459899902301,"W/m²","",""
"12","2020-04-17 20:45:00","","",0.250000048305114,"W/m²",0.10091018676757801,"W/m²","",""
"12","2020-04-17 21:00:00",286.96978759765625,"K",-0.015624954227047001,"W/m²",0.014551162719726,"W/m²",2.05509835908103,"m/s"
"12","2020-04-17 21:15:00","","",0.015625043270281,"W/m²",0.166559219360351,"W/m²","",""
"12","2020-04-17 21:30:00","","",0.015625041072877002,"W/m²",0.08027076721191401,"W/m²","",""
"12","2020-04-17 21:45:00","","",0.226562539268181,"W/m²",-0.017662048339843,"W/m²","",""
"12","2020-04-17 22:00:00",286.968017578125,"K",-0.007812463365391001,"W/m²",0.138275146484375,"W/m²",2.941556354770118,"m/s"
"12","2020-04-17 22:15:00","","",0.019531285135696002,"W/m²",0.052054405212402004,"W/m²","",""
"12","2020-04-17 22:30:00","","",0.12890628372370702,"W/m²",-0.010674476623535,"W/m²","",""
"12","2020-04-17 22:45:00","","",0.121093781759652,"W/m²",0.08675193786621001,"W/m²","",""
"12","2020-04-17 23:00:00",286.3124084472656,"K",-0.050781219418988006,"W/m²",-0.014999389648437,"W/m²",3.091848504752235,"m/s"
"12","2020-04-17 23:15:00","","",0.093750029325795,"W/m²",0.16446781158447202,"W/m²","",""
"12","2020-04-17 23:30:00","","",0.015625027644758,"W/m²",-0.09353923797607401,"W/m²","",""
"12","2020-04-17 23:45:00","","",0.035156276703087005,"W/m²",0.066432952880859,"W/m²","",""
"15","2020-04-17 15:00:00",294.4358825683594,"K",153.84375,"W/m²",213.79266738891602,"W/m²",3.761614552001668,"m/s"
"15","2020-04-17 15:15:00","","",144.51562502494608,"W/m²",206.88214737176895,"W/m²","",""
"15","2020-04-17 15:30:00","","",87.07812527388349,"W/m²",203.31173032522202,"W/m²","",""
"15","2020-04-17 15:45:00","","",106.32812588357952,"W/m²",181.53912496566772,"W/m²","",""
"15","2020-04-17 16:00:00",293.4610290527344,"K",79.046875458751,"W/m²",175.25025844573975,"W/m²",2.510750322723357,"m/s"
"15","2020-04-17 16:15:00","","",65.41406310727199,"W/m²",159.91833806037903,"W/m²","",""
"15","2020-04-17 16:30:00","","",42.664063666044775,"W/m²",146.1431109905243,"W/m²","",""
"15","2020-04-17 16:45:00","","",15.156254662450907,"W/m²",129.69226026535034,"W/m²","",""
"15","2020-04-17 17:00:00",292.39727783203125,"K",6.42188360556792,"W/m²",104.95368814468384,"W/m²",1.505057373523552,"m/s"
"15","2020-04-17 17:15:00","","",0.8984618174731601,"W/m²",70.23894786834717,"W/m²","",""
"15","2020-04-17 17:30:00","","",1.148464445424486,"W/m²",58.98351192474365,"W/m²","",""
"15","2020-04-17 17:45:00","","",0.21094870665317603,"W/m²",42.53472328186035,"W/m²","",""
"15","2020-04-17 18:00:00",290.9779052734375,"K",0.117190662640948,"W/m²",28.161998748779297,"W/m²",2.092288875375049,"m/s"
"15","2020-04-17 18:15:00","","",0.046875215882707,"W/m²",12.064906597137451,"W/m²","",""
"15","2020-04-17 18:30:00","","",0.070312510067597,"W/m²",1.426195621490478,"W/m²","",""
"15","2020-04-17 18:45:00","","",0.023437508721189,"W/m²",0.143476009368896,"W/m²","",""
"15","2020-04-17 19:00:00",289.6470642089844,"K",0.046875007636133004,"W/m²",0.13433504104614202,"W/m²",1.928287933532901,"m/s"
"15","2020-04-17 19:15:00","","",0.05859375673294401,"W/m²",0.133235454559326,"W/m²","",""
"15","2020-04-17 19:30:00","","",0.035156255982648,"W/m²",0.10887575149536101,"W/m²","",""
"15","2020-04-17 19:45:00","","",0.085937505360149,"W/m²",0.07491397857666,"W/m²","",""
"15","2020-04-17 20:00:00",288.46673583984375,"K",0.007812504828972,"W/m²",0.09379100799560501,"W/m²",1.868041769444679,"m/s"
"15","2020-04-17 20:15:00","","",-0.011718745642186001,"W/m²",0.08931779861450101,"W/m²","",""
"15","2020-04-17 20:30:00","","",0.035156253969503004,"W/m²",0.07712221145629801,"W/m²","",""
"15","2020-04-17 20:45:00","","",0.08593750362750101,"W/m²",0.041532516479492,"W/m²","",""
"15","2020-04-17 21:00:00",287.2565612792969,"K",-0.015624996678994002,"W/m²",0.099774360656738,"W/m²",2.097570055913891,"m/s"
"15","2020-04-17 21:15:00","","",0.042968753058424,"W/m²",0.036939620971679,"W/m²","",""
"15","2020-04-17 21:30:00","","",0.042968752815569,"W/m²",0.075709819793701,"W/m²","",""
"15","2020-04-17 21:45:00","","",-0.00976562238156,"W/m²",0.032495260238647,"W/m²","",""
"15","2020-04-17 22:00:00",286.24169921875,"K",0.009765627423314,"W/m²",0.032259702682495,"W/m²",2.00753654397787,"m/s"
"15","2020-04-17 22:15:00","","",-0.027343747735075002,"W/m²",0.069171428680419,"W/m²","",""
"15","2020-04-17 22:30:00","","",0.023437502100197002,"W/m²",0.029914855957031004,"W/m²","",""
"15","2020-04-17 22:45:00","","",0.033203126978155,"W/m²",0.033668994903564,"W/m²","",""
"15","2020-04-17 23:00:00",285.5443420410156,"K",-0.021484373155981,"W/m²",0.041315078735351,"W/m²",2.134236986528182,"m/s"
"15","2020-04-17 23:15:00","","",0.029296876735752004,"W/m²",0.013847827911376,"W/m²","",""
"15","2020-04-17 23:30:00","","",0.052734376635311005,"W/m²",0.044965267181396006,"W/m²","",""
"15","2020-04-17 23:45:00","","",-0.035156248452969004,"W/m²",0.042905569076538,"W/m²","",""
"18","2020-04-17 18:00:00",290.73553466796875,"K",0.0,"W/m²",20.837890625,"W/m²",1.7683134409798411,"m/s"
"18","2020-04-17 18:15:00","","",0.0,"W/m²",13.90625,"W/m²","",""
"18","2020-04-17 18:30:00","","",0.0,"W/m²",1.32421875,"W/m²","",""
"18","2020-04-17 18:45:00","","",0.0,"W/m²",0.05664062500000001,"W/m²","",""
"18","2020-04-17 19:00:00",289.1955871582031,"K",0.0,"W/m²",0.029296875000000003,"W/m²",1.749374832606184,"m/s"
"18","2020-04-17 19:15:00","","",0.0,"W/m²",0.015625,"W/m²","",""
"18","2020-04-17 19:30:00","","",0.0,"W/m²",0.013671875,"W/m²","",""
"18","2020-04-17 19:45:00","","",0.0,"W/m²",0.00439453125,"W/m²","",""
"18","2020-04-17 20:00:00",288.6746520996094,"K",0.0,"W/m²",0.00537109375,"W/m²",1.753418493354254,"m/s"
"18","2020-04-17 20:15:00","","",0.0,"W/m²",0.0078125,"W/m²","",""
"18","2020-04-17 20:30:00","","",0.0,"W/m²",0.0029296875,"W/m²","",""
"18","2020-04-17 20:45:00","","",0.0,"W/m²",0.00048828124999999995,"W/m²","",""
"18","2020-04-17 21:00:00",287.6907043457031,"K",0.0,"W/m²",0.00244140625,"W/m²",1.7065628098804,"m/s"
"18","2020-04-17 21:15:00","","",0.0,"W/m²",0.0048828125,"W/m²","",""
"18","2020-04-17 21:30:00","","",0.0,"W/m²",0.0,"W/m²","",""
"18","2020-04-17 21:45:00","","",0.0,"W/m²",0.003173828125,"W/m²","",""
"18","2020-04-17 22:00:00",286.5568542480469,"K",0.0,"W/m²",0.001708984375,"W/m²",2.013672185927121,"m/s"
"18","2020-04-17 22:15:00","","",0.0,"W/m²",0.00244140625,"W/m²","",""
"18","2020-04-17 22:30:00","","",0.0,"W/m²",-0.00048828124999999995,"W/m²","",""
"18","2020-04-17 22:45:00","","",0.0,"W/m²",0.0009765625,"W/m²","",""
"18","2020-04-17 23:00:00",285.7848815917969,"K",0.0,"W/m²",-0.0009765625,"W/m²",1.92671363470697,"m/s"
"18","2020-04-17 23:15:00","","",0.0,"W/m²",0.005126953125,"W/m²","",""
"18","2020-04-17 23:30:00","","",0.0,"W/m²",-0.003173828125,"W/m²","",""
"18","2020-04-17 23:45:00","","",0.0,"W/m²",0.0029296875,"W/m²","",""
"21","2020-04-17 21:00:00",287.950927734375,"K",0.0,"W/m²",0.0,"W/m²",1.876164909533468,"m/s"
"21","2020-04-17 21:15:00","","",0.0,"W/m²",0.0,"W/m²","",""
"21","2020-04-17 21:30:00","","",0.0,"W/m²",0.0,"W/m²","",""
"21","2020-04-17 21:45:00","","",0.0,"W/m²",0.0,"W/m²","",""
"21","2020-04-17 22:00:00",286.6848449707031,"K",0.0,"W/m²",0.0,"W/m²",2.024247696881138,"m/s"
"21","2020-04-17 22:15:00","","",0.0,"W/m²",0.0,"W/m²","",""
"21","2020-04-17 22:30:00","","",0.0,"W/m²",0.0,"W/m²","",""
"21","2020-04-17 22:45:00","","",0.0,"W/m²",0.0,"W/m²","",""
"21","2020-04-17 23:00:00",286.6559143066406,"K",0.0,"W/m²",0.0,"W/m²",1.7071653971598741,"m/s"
"21","2020-04-17 23:15:00","","",0.0,"W/m²",0.0,"W/m²","",""
"21","2020-04-17 23:30:00","","",0.0,"W/m²",0.0,"W/m²","",""
"21","2020-04-17 23:45:00","","",0.0,"W/m²",0.0,"W/m²","",""
